{
  "orbper": [
    37.40473184075,
    -18.146549071250003
  ],
  "trandep": [
    12170.1375,
    -7163.562500000001
  ],
  "trandur": [
    8.311274999999998,
    -1.492364999999999
  ],
  "rade": [
    28.58565035,
    -13.98262725
  ],
  "insol": [
    1614.5645435625,
    -875.3907261375
  ],
  "eqt": [
    2298.0,
    -230.0
  ],
  "teff": [
    7371.0,
    3947.0
  ],
  "logg": [
    4.962499999999999,
    3.7905000000000015
  ],
  "rad": [
    2.3449999999999998,
    -0.09500000000000008
  ]
}